folder,file,sheet,section,block,row_label,sub_label,note
Chinchilla,Business - personal income amount from NPP,Income,,Chinchilla,Individual ABN NPP Total Income $,,
Chinchilla,Business - personal income amount from PP,Income,,Chinchilla,Individual ABN PP Total Income $,,
Chinchilla,Business - personal income number from NPP,Income,,Chinchilla,Individual ABN NPP Total Income no.,,
Chinchilla,Business - personal income number from PP,Income,,Chinchilla,Individual ABN PP Total Income no.,,
Chinchilla,Crime rate - all offences,Crime,,Chinchilla,"Total offences (person, property, other)",,
Chinchilla,Drug offences,Crime,,Chinchilla,Drug Offences,,
Chinchilla,Environment - total rainfall,Exogenous,Rainfall,Chinchilla,@next,,
Chinchilla,Good order offences,Crime,,Chinchilla,Good Order Offences,,
Chinchilla,House sale price (median),Housing,SA2,Chinchilla,Detached dwelling: median sale price ($),,
Chinchilla,House sales (number),Housing,SA2,Chinchilla,Detached dwelling: number of sales (Number),,
Chinchilla,Income - for taxable individuals,Income,,Chinchilla,Average Taxable Income or Loss (taxable individuals),,
Chinchilla,"Income - taxable, incl. lowneg. incomes (ATO ave.)",Income,,Chinchilla,Average Taxable Income or Loss (all individuals),,
Chinchilla,Non-resident workers in local govt area,Population,LGA,Western Downs,Non-resident workers on-shift,,
Chinchilla,Non-resident workers in town,Population,UCL,Chinchilla,Non-resident workers on-shift,,
Chinchilla,Number of earners,Income,,Chinchilla,No. wage and salary earners,,
Chinchilla,Population - district,Population,SA2,Chinchilla,Population (ERP),,
Chinchilla,Population - LGA,Population,LGA,Western Downs,Population (ERP),,
Chinchilla,Population - town,Population,UCL,Chinchilla,Estimated resident population (a) by urban centre and locality,,
Chinchilla,Rent (3-bedroom house; median),Housing,SA2,Chinchilla,House - 3 bedrooms - median rent of lodgements ($/week),,
Chinchilla,Residential building approvals,Housing,SA2,Chinchilla,Building Approvals: Residential dwelling units (Private) New Houses (Number),,
Chinchilla,Student FTE enrolments,Exogenous,Education,Chinchilla,Full Time Equivalent Enrolments,,
Chinchilla,Theft,Crime,,Chinchilla,Other Theft (excl. Unlawful Entry),,
Chinchilla,Traffic offences,Crime,,Chinchilla,Traffic and Related Offences,,
Chinchilla,Unemployment rate,Employment,SA2,,Chinchilla,,
Chinchilla,Wage & salary earnings (town total),Income,,Chinchilla,Total wage and salary earnings,,
Dalby (Wambo),Business - personal income amount from NPP,Income,,Dalby,Individual ABN NPP Total Income $,,
Dalby (Wambo),Business - personal income amount from PP,Income,,Dalby,Individual ABN PP Total Income $,,
Dalby (Wambo),Business - personal income number from NPP,Income,,Dalby,Individual ABN NPP Total Income no.,,
Dalby (Wambo),Business - personal income number from PP,Income,,Dalby,Individual ABN PP Total Income no.,,
Dalby (Wambo),Crime rate - all offences,Crime,,Dalby,"Total offences (person, property, other)",,
Dalby (Wambo),Drug offences,Crime,,Dalby,Drug Offences,,
Dalby (Wambo),Environment - total rainfall,Exogenous,Rainfall,Dalby,@next,,
Dalby (Wambo),Fuel price RULP,Exogenous,Fuel,Dalby,Average RULP Price (cents),,
Dalby (Wambo),Good order offences,Crime,,Dalby,Good Order Offences,,
Dalby (Wambo),House sale price (median),Housing,SA2,Wambo,Detached dwelling: median sale price ($),,
Dalby (Wambo),House sales (number),Housing,SA2,Wambo,Detached dwelling: number of sales (Number),,
Dalby (Wambo),Income - for taxable individuals,Income,,Dalby,Average Taxable Income or Loss (taxable individuals),,
Dalby (Wambo),"Income - taxable, incl. lowneg. incomes (ATO ave.)",Income,,Dalby,Average Taxable Income or Loss (all individuals),,
Dalby (Wambo),Non-resident workers in local govt area,Population,LGA,Western Downs,Non-resident workers on-shift,,
Dalby (Wambo),Non-resident workers in town,Population,UCL,Dalby,Non-resident workers on-shift,,
Dalby (Wambo),Number of earners,Income,,Dalby,No. wage and salary earners,,
Dalby (Wambo),Population - district,Population,SA2,Wambo,Population (ERP),,
Dalby (Wambo),Population - LGA,Population,LGA,Western Downs,Population (ERP),,
Dalby (Wambo),Population - town,Population,UCL,Dalby,Estimated resident population (a) by urban centre and locality,,
Dalby (Wambo),Rent (3-bedroom house; median),Housing,SA2,Wambo,House - 3 bedrooms - median rent of lodgements ($/week),,
Dalby (Wambo),Residential building approvals,Housing,SA2,Wambo,Building Approvals: Residential dwelling units (Private) New Houses (Number),,
Dalby (Wambo),Student FTE enrolments,Exogenous,Education,Dalby,Full Time Equivalent Enrolments,,
Dalby (Wambo),Theft,Crime,,Dalby,Other Theft (excl. Unlawful Entry),,
Dalby (Wambo),Traffic offences,Crime,,Dalby,Traffic and Related Offences,,
Dalby (Wambo),Unemployment rate,Employment,SA2,,Wambo,,
Dalby (Wambo),Wage & salary earnings (town total),Income,,Dalby,Total wage and salary earnings,,
Dysart (Broadsound-Nebo),Business - personal income amount from NPP,Income,,Dysart,Individual ABN NPP Total Income $,,
Dysart (Broadsound-Nebo),Business - personal income amount from PP,Income,,Dysart,Individual ABN PP Total Income $,,
Dysart (Broadsound-Nebo),Business - personal income number from NPP,Income,,Dysart,Individual ABN NPP Total Income no.,,
Dysart (Broadsound-Nebo),Business - personal income number from PP,Income,,Dysart,Individual ABN PP Total Income no.,,
Dysart (Broadsound-Nebo),Crime rate - all offences,Crime,,Dysart,"Total offences (person, property, other)",,
Dysart (Broadsound-Nebo),Drug offences,Crime,,Dysart,Drug Offences,,
Dysart (Broadsound-Nebo),Environment - total rainfall,Exogenous,Rainfall,Dysart,@next,,
Dysart (Broadsound-Nebo),Good order offences,Crime,,Dysart,Good Order Offences,,
Dysart (Broadsound-Nebo),House sale price (median),Housing,SA2,Broadsound-Nebo,Detached dwelling: median sale price ($),,
Dysart (Broadsound-Nebo),House sales (number),Housing,SA2,Broadsound-Nebo,Detached dwelling: number of sales (Number),,
Dysart (Broadsound-Nebo),Income - for taxable individuals,Income,,Dysart,Average Taxable Income or Loss (taxable individuals),,
Dysart (Broadsound-Nebo),"Income - taxable, incl. lowneg. incomes (ATO ave.)",Income,,Dysart,Average Taxable Income or Loss (all individuals),,
Dysart (Broadsound-Nebo),Non-resident workers in local govt area,Population,LGA,Isaac,Non-resident workers on-shift,,
Dysart (Broadsound-Nebo),Non-resident workers in town,Population,UCL,Dysart,Non-resident workers on-shift,,
Dysart (Broadsound-Nebo),Number of earners,Income,,Dysart,No. wage and salary earners,,
Dysart (Broadsound-Nebo),Population - district,Population,SA2,Broadsound-Nebo,Population (ERP),,
Dysart (Broadsound-Nebo),Population - LGA,Population,LGA,Isaac,Population (ERP),,
Dysart (Broadsound-Nebo),Population - town,Population,UCL,Dysart,Estimated resident population (a) by urban centre and locality,,
Dysart (Broadsound-Nebo),Rent (3-bedroom house; median),Housing,SA2,Broadsound-Nebo,House - 3 bedrooms - median rent of lodgements ($/week),,
Dysart (Broadsound-Nebo),Residential building approvals,Housing,SA2,Broadsound-Nebo,Building Approvals: Residential dwelling units (Private) New Houses (Number),,
Dysart (Broadsound-Nebo),Student FTE enrolments,Exogenous,Education,Dysart,Full Time Equivalent Enrolments,,
Dysart (Broadsound-Nebo),Theft,Crime,,Dysart,Other Theft (excl. Unlawful Entry),,
Dysart (Broadsound-Nebo),Traffic offences,Crime,,Dysart,Traffic and Related Offences,,
Dysart (Broadsound-Nebo),Unemployment rate,Employment,SA2,,Broadsound-Nebo,,
Dysart (Broadsound-Nebo),Wage & salary earnings (town total),Income,,Dysart,Total wage and salary earnings,,
Goondiwindi,Business - personal income amount from NPP,Income,,Goondiwindi,Individual ABN NPP Total Income $,,
Goondiwindi,Business - personal income amount from PP,Income,,Goondiwindi,Individual ABN PP Total Income $,,
Goondiwindi,Business - personal income number from NPP,Income,,Goondiwindi,Individual ABN NPP Total Income no.,,
Goondiwindi,Business - personal income number from PP,Income,,Goondiwindi,Individual ABN PP Total Income no.,,
Goondiwindi,Crime rate - all offences,Crime,,Goondiwindi,"Total offences (person, property, other)",,
Goondiwindi,Drug offences,Crime,,Goondiwindi,Drug Offences,,
Goondiwindi,Environment - total rainfall,Exogenous,Rainfall,Goondiwindi,@next,,
Goondiwindi,Fuel price RULP,Exogenous,Fuel,Goondiwindi,Average RULP Price (cents),,
Goondiwindi,Good order offences,Crime,,Goondiwindi,Good Order Offences,,
Goondiwindi,House sale price (median),Housing,SA2,Goondiwindi,Detached dwelling: median sale price ($),,
Goondiwindi,House sales (number),Housing,SA2,Goondiwindi,Detached dwelling: number of sales (Number),,
Goondiwindi,Income - for taxable individuals,Income,,Goondiwindi,Average Taxable Income or Loss (taxable individuals),,
Goondiwindi,"Income - taxable, incl. lowneg. incomes (ATO ave.)",Income,,Goondiwindi,Average Taxable Income or Loss (all individuals),,
Goondiwindi,Number of earners,Income,,Goondiwindi,No. wage and salary earners,,
Goondiwindi,Population - district,Population,SA2,Goondiwindi,Population (ERP),,
Goondiwindi,Population - LGA,Population,LGA,Goondiwindi,Population (ERP),,
Goondiwindi,Population - town,Population,UCL,Goondiwindi,Estimated resident population (a) by urban centre and locality,,
Goondiwindi,Rent (3-bedroom house; median),Housing,SA2,Goondiwindi,House - 3 bedrooms - median rent of lodgements ($/week),,
Goondiwindi,Residential building approvals,Housing,SA2,Goondiwindi,Building Approvals: Residential dwelling units (Private) New Houses (Number),,
Goondiwindi,Student FTE enrolments,Exogenous,Education,Goondiwindi,Full Time Equivalent Enrolments,,
Goondiwindi,Theft,Crime,,Goondiwindi,Other Theft (excl. Unlawful Entry),,
Goondiwindi,Traffic offences,Crime,,Goondiwindi,Traffic and Related Offences,,
Goondiwindi,Unemployment rate,Employment,SA2,,Goondiwindi,,
Goondiwindi,Wage & salary earnings (town total),Income,,Goondiwindi,Total wage and salary earnings,,
Miles,Business - personal income amount from NPP,Income,,Miles,Individual ABN NPP Total Income $,,
Miles,Business - personal income amount from PP,Income,,Miles,Individual ABN PP Total Income $,,
Miles,Business - personal income number from NPP,Income,,Miles,Individual ABN NPP Total Income no.,,
Miles,Business - personal income number from PP,Income,,Miles,Individual ABN PP Total Income no.,,
Miles,Crime rate - all offences,Crime,,Miles,"Total offences (person, property, other)",,
Miles,Drug offences,Crime,,Miles,Drug Offences,,
Miles,Environment - total rainfall,Exogenous,Rainfall,Miles,@next,,
Miles,Fuel price RULP,Exogenous,Fuel,Miles,Average RULP Price (cents),,
Miles,Good order offences,Crime,,Miles,Good Order Offences,,
Miles,House sale price (median),Housing,SA2,Miles-Wandoan,Detached dwelling: median sale price ($),,
Miles,House sales (number),Housing,SA2,Miles-Wandoan,Detached dwelling: number of sales (Number),,
Miles,Income - for taxable individuals,Income,,Miles,Average Taxable Income or Loss (taxable individuals),,
Miles,"Income - taxable, incl. lowneg. incomes (ATO ave.)",Income,,Miles,Average Taxable Income or Loss (all individuals),,
Miles,Non-resident workers in local govt area,Population,LGA,Western Downs,Non-resident workers on-shift,,
Miles,Non-resident workers in town,Population,UCL,Miles,Non-resident workers on-shift,,
Miles,Number of earners,Income,,Miles,No. wage and salary earners,,
Miles,Population - district,Population,SA2,Miles-Wandoan,Population (ERP),,
Miles,Population - LGA,Population,LGA,Western Downs,Population (ERP),,
Miles,Population - town,Population,UCL,Miles,Estimated resident population (a) by urban centre and locality,,
Miles,Rent (3-bedroom house; median),Housing,SA2,Miles-Wandoan,House - 3 bedrooms - median rent of lodgements ($/week),,
Miles,Residential building approvals,Housing,SA2,Miles-Wandoan,Building Approvals: Residential dwelling units (Private) New Houses (Number),,
Miles,Student FTE enrolments,Exogenous,Education,Miles,Full Time Equivalent Enrolments,,
Miles,Theft,Crime,,Miles,Other Theft (excl. Unlawful Entry),,
Miles,Traffic offences,Crime,,Miles,Traffic and Related Offences,,
Miles,Unemployment rate,Employment,SA2,,Miles-Wandoan,,
Miles,Wage & salary earnings (town total),Income,,Miles,Total wage and salary earnings,,
Moranbah,Business - personal income amount from NPP,Income,,Moranbah,Individual ABN NPP Total Income $,,
Moranbah,Business - personal income amount from PP,Income,,Moranbah,Individual ABN PP Total Income $,,
Moranbah,Business - personal income number from NPP,Income,,Moranbah,Individual ABN NPP Total Income no.,,
Moranbah,Business - personal income number from PP,Income,,Moranbah,Individual ABN PP Total Income no.,,
Moranbah,Crime rate - all offences,Crime,,Moranbah,"Total offences (person, property, other)",,
Moranbah,Drug offences,Crime,,Moranbah,Drug Offences,,
Moranbah,Environment - total rainfall,Exogenous,Rainfall,Moranbah,@next,,
Moranbah,Fuel price RULP,Exogenous,Fuel,Moranbah,Average RULP Price (cents),,
Moranbah,Good order offences,Crime,,Moranbah,Good Order Offences,,
Moranbah,House sale price (median),Housing,SA2,Moranbah,Detached dwelling: median sale price ($),,
Moranbah,House sales (number),Housing,SA2,Moranbah,Detached dwelling: number of sales (Number),,
Moranbah,Income - for taxable individuals,Income,,Moranbah,Average Taxable Income or Loss (taxable individuals),,
Moranbah,"Income - taxable, incl. lowneg. incomes (ATO ave.)",Income,,Moranbah,Average Taxable Income or Loss (all individuals),,
Moranbah,Non-resident workers in local govt area,Population,LGA,Isaac,Non-resident workers on-shift,,
Moranbah,Non-resident workers in town,Population,UCL,Moranbah,Non-resident workers on-shift,,
Moranbah,Number of earners,Income,,Moranbah,No. wage and salary earners,,
Moranbah,Population - district,Population,SA2,Moranbah,Population (ERP),,
Moranbah,Population - LGA,Population,LGA,Isaac,Population (ERP),,
Moranbah,Population - town,Population,UCL,Moranbah,Estimated resident population (a) by urban centre and locality,,
Moranbah,Rent (3-bedroom house; median),Housing,SA2,Moranbah,House - 3 bedrooms - median rent of lodgements ($/week),,
Moranbah,Residential building approvals,Housing,SA2,Moranbah,Building Approvals: Residential dwelling units (Private) New Houses (Number),,
Moranbah,Student FTE enrolments,Exogenous,Education,Moranbah,Full Time Equivalent Enrolments,,
Moranbah,Theft,Crime,,Moranbah,Other Theft (excl. Unlawful Entry),,
Moranbah,Traffic offences,Crime,,Moranbah,Traffic and Related Offences,,
Moranbah,Unemployment rate,Employment,SA2,,Moranbah,,
Moranbah,Wage & salary earnings (town total),Income,,Moranbah,Total wage and salary earnings,,
Narrabri,Business - personal income amount from NPP,Income,,Narrabri,Individual ABN NPP Total Income $,,
Narrabri,Business - personal income amount from PP,Income,,Narrabri,Individual ABN PP Total Income $,,
Narrabri,Business - personal income number from NPP,Income,,Narrabri,Individual ABN NPP Total Income no.,,
Narrabri,Business - personal income number from PP,Income,,Narrabri,Individual ABN PP Total Income no.,,
Narrabri,Crime rate - all offences,Crime,State,,Narrabri,,
Narrabri,Drug offences,Crime,State,Narrabri,Drug offences,,
Narrabri,Environment - total rainfall,Exogenous,Rainfall,Narrabri,@next,,
Narrabri,House sale price (median),Housing,Narrabri (LGA),Median Sales Price $,Total,,
Narrabri,House sales (number),Housing,Narrabri (LGA),Sales No.,Total,,
Narrabri,Income - for taxable individuals,Income,,Narrabri,Average taxable income (taxable),,
Narrabri,"Income - taxable, incl. lowneg. incomes (ATO ave.)",Income,,Narrabri,Average taxable income (all),,
Narrabri,Number of earners,Income,,Narrabri,No. wage and salary earners,,
Narrabri,Population - district,Population,SA2,Narrabri,Population (ERP),,
Narrabri,Population - LGA,Population,LGA,Narrabri,Population (ERP),,
Narrabri,Rent (3-bedroom house; median),Housing,Narrabri (LGA),House,3 Bedrooms,,
Narrabri,Residential building approvals,Housing,Narrabri (LGA),Building approvals: new houses,NA,,
Narrabri,Student FTE enrolments,Exogenous,Education,Narrabri,Full Time Equivalent Enrolments,,
Narrabri,Theft,Crime,State,Narrabri,Theft,,
Narrabri,Traffic offences,Crime,State,Narrabri,Transport regulatory offences,,
Narrabri,Unemployment rate,Employment,SA2,,Narrabri,,
Narrabri,Wage & salary earnings (town total),Income,,Narrabri,Total wage & salary earnings,,
Queensland (Benchmark),Crime rate - all offences,Crime,State,Queensland,"Total offences (person, property, other)",,
Queensland (Benchmark),Drug offences,Crime,State,Queensland,Drug Offences,,
Queensland (Benchmark),Fuel price RULP,Exogenous,Fuel,Brisbane,Average RULP Price (cents),,Brisbane's RACQ price stands in for Queensland
Queensland (Benchmark),Good order offences,Crime,State,Queensland,Good Order Offences,,
Queensland (Benchmark),House sale price (median),Housing,State,Queensland,Detached dwelling: median sale price ($),,
Queensland (Benchmark),House sales (number),Housing,State,Queensland,Detached dwelling: number of sales (Number),,
Queensland (Benchmark),Income - for taxable individuals,Income,State,Queensland,Average Taxable Income or Loss (taxable individuals) -ATO,,
Queensland (Benchmark),"Income - taxable, incl. lowneg. incomes (ATO ave.)",Income,State,Queensland,Queensland Average Taxable Income or loss (all individuals) -ATO,,
Queensland (Benchmark),Rent (3-bedroom house; median),Housing,State,Queensland,House - 3 bedrooms - median rent of lodgements ($/week),,
Queensland (Benchmark),Theft,Crime,State,Queensland,Other Theft (excl. Unlawful Entry),,
Queensland (Benchmark),Traffic offences,Crime,State,Queensland,Traffic and Related Offences,,
Queensland (Benchmark),Unemployment rate,Employment,State,,Queensland (benchmark),,
Roma,Business - personal income amount from NPP,Income,,Roma,Individual ABN NPP Total Income $,,
Roma,Business - personal income amount from PP,Income,,Roma,Individual ABN PP Total Income $,,
Roma,Business - personal income number from NPP,Income,,Roma,Individual ABN NPP Total Income no.,,
Roma,Business - personal income number from PP,Income,,Roma,Individual ABN PP Total Income no.,,
Roma,Crime rate - all offences,Crime,,Roma,"Total offences (person, property, other)",,
Roma,Drug offences,Crime,,Roma,Drug Offences,,
Roma,Environment - total rainfall,Exogenous,Rainfall,Roma,@next,,
Roma,Fuel price RULP,Exogenous,Fuel,Roma,Average RULP Price (cents),,
Roma,Good order offences,Crime,,Roma,Good Order Offences,,
Roma,House sale price (median),Housing,SA2,Roma,Detached dwelling: median sale price ($),,
Roma,House sales (number),Housing,SA2,Roma,Detached dwelling: number of sales (Number),,
Roma,Income - for taxable individuals,Income,,Roma,Average Taxable Income or Loss (taxable individuals),,
Roma,"Income - taxable, incl. lowneg. incomes (ATO ave.)",Income,,Roma,Average Taxable Income or Loss (all individuals),,
Roma,Non-resident workers in local govt area,Population,LGA,Maranoa,Non-resident workers on-shift,,
Roma,Non-resident workers in town,Population,UCL,Roma,Non-resident workers on-shift,,
Roma,Number of earners,Income,,Roma,No. wage and salary earners,,
Roma,Population - district,Population,SA2,Roma,Population (ERP),,
Roma,Population - LGA,Population,LGA,Maranoa,Population (ERP),,
Roma,Population - town,Population,UCL,Roma,Estimated resident population (a) by urban centre and locality,,
Roma,Rent (3-bedroom house; median),Housing,SA2,Roma,House - 3 bedrooms - median rent of lodgements ($/week),,
Roma,Residential building approvals,Housing,SA2,Roma,Building Approvals: Residential dwelling units (Private) New Houses (Number),,
Roma,Student FTE enrolments,Exogenous,Education,Roma,Full Time Equivalent Enrolments,,
Roma,Theft,Crime,,Roma,Other Theft (excl. Unlawful Entry),,
Roma,Traffic offences,Crime,,Roma,Traffic and Related Offences,,
Roma,Unemployment rate,Employment,SA2,,Roma,,
Roma,Wage & salary earnings (town total),Income,,Roma,Total wage and salary earnings,,
Tara,Business - personal income amount from NPP,Income,,Tara,Individual ABN NPP Total Income $,,
Tara,Business - personal income amount from PP,Income,,Tara,Individual ABN PP Total Income $,,
Tara,Business - personal income number from NPP,Income,,Tara,Individual ABN NPP Total Income no.,,
Tara,Business - personal income number from PP,Income,,Tara,Individual ABN PP Total Income no.,,
Tara,Crime rate - all offences,Crime,,Tara,"Total offences (person, property, other)",,
Tara,Drug offences,Crime,,Tara,Drug Offences,,
Tara,Environment - total rainfall,Exogenous,Rainfall,Tara,@next,,
Tara,Good order offences,Crime,,Tara,Good Order Offences,,
Tara,House sale price (median),Housing,SA2,Tara,Detached dwelling: median sale price ($),,
Tara,House sales (number),Housing,SA2,Tara,Detached dwelling: number of sales (Number),,
Tara,Income - for taxable individuals,Income,,Tara,Average Taxable Income or Loss (taxable individuals),,
Tara,"Income - taxable, incl. lowneg. incomes (ATO ave.)",Income,,Tara,Average Taxable Income or Loss (all individuals),,
Tara,Non-resident workers in local govt area,Population,LGA,Western Downs,Non-resident workers on-shift,,
Tara,Non-resident workers in town,Population,UCL,Tara,Non-resident workers on-shift,,
Tara,Number of earners,Income,,Tara,No. wage and salary earners,,
Tara,Population - district,Population,SA2,Tara,Population (ERP),,
Tara,Population - LGA,Population,LGA,Western Downs,Population (ERP),,
Tara,Population - town,Population,UCL,Tara,Estimated resident population (a) by urban centre and locality,,
Tara,Rent (3-bedroom house; median),Housing,SA2,Tara,House - 3 bedrooms - median rent of lodgements ($/week),,
Tara,Residential building approvals,Housing,SA2,Tara,Building Approvals: Residential dwelling units (Private) New Houses (Number),,
Tara,Student FTE enrolments,Exogenous,Education,Tara,Full Time Equivalent Enrolments,,
Tara,Theft,Crime,,Tara,Other Theft (excl. Unlawful Entry),,
Tara,Traffic offences,Crime,,Tara,Traffic and Related Offences,,
Tara,Unemployment rate,Employment,SA2,,Tara,,
Tara,Wage & salary earnings (town total),Income,,Tara,Total wage and salary earnings,,
Toowoomba,Business - personal income amount from NPP,Income,,Toowoomba,Individual ABN NPP Total Income $,,
Toowoomba,Business - personal income amount from PP,Income,,Toowoomba,Individual ABN PP Total Income $,,
Toowoomba,Business - personal income number from NPP,Income,,Toowoomba,Individual ABN NPP Total Income no.,,
Toowoomba,Business - personal income number from PP,Income,,Toowoomba,Individual ABN PP Total Income no.,,
Toowoomba,Crime rate - all offences,Crime,,Toowoomba,"Total offences (person, property, other)",,
Toowoomba,Drug offences,Crime,,Toowoomba,Drug Offences,,
Toowoomba,Environment - total rainfall,Exogenous,Rainfall,Toowoomba,@next,,
Toowoomba,Fuel price RULP,Exogenous,Fuel,Toowoomba,Average RULP Price (cents),,
Toowoomba,Good order offences,Crime,,Toowoomba,Good Order Offences,,
Toowoomba,House sale price (median),Housing,LGA,Toowoomba,Detached dwelling: median sale price ($),,
Toowoomba,House sales (number),Housing,LGA,Toowoomba,Detached dwelling: number of sales (Number),,
Toowoomba,Income - for taxable individuals,Income,,Toowoomba,Average Taxable Income or Loss (taxable individuals),,
Toowoomba,"Income - taxable, incl. lowneg. incomes (ATO ave.)",Income,,Toowoomba,Average Taxable Income or Loss (all individuals),,
Toowoomba,Non-resident workers in local govt area,Population,LGA,Toowoomba,Non-resident workers on-shift,,
Toowoomba,Non-resident workers in town,Population,UCL,Toowoomba,Non-resident workers on-shift,,
Toowoomba,Number of earners,Income,,Toowoomba,No. wage and salary earners,,
Toowoomba,Population - LGA,Population,LGA,Toowoomba,Population (ERP),,
Toowoomba,Population - town,Population,UCL,Toowoomba,Estimated resident population (a) by urban centre and locality,,
Toowoomba,Rent (3-bedroom house; median),Housing,LGA,Toowoomba,House - 3 bedrooms - median rent of lodgements ($/week),,
Toowoomba,Residential building approvals,Housing,SA2,Toowoomba - Central,Building Approvals: Residential dwelling units (Private) New Houses (Number),,"CHECK: reproduces the 2025 export, which took this from the Toowoomba - Central SA2 block; the Toowoomba (LGA) block has its own approvals row"
Toowoomba,Student FTE enrolments,Exogenous,Education,Toowoomba,Full Time Equivalent Enrolments,,
Toowoomba,Theft,Crime,,Toowoomba,Other Theft (excl. Unlawful Entry),,
Toowoomba,Traffic offences,Crime,,Toowoomba,Traffic and Related Offences,,
Toowoomba,Unemployment rate,Employment,LGA,,Toowoomba LGA,,
Toowoomba,Wage & salary earnings (town total),Income,,Toowoomba,Total wage and salary earnings,,
Toowoomba (Central),House sale price (median),Housing,SA2,Toowoomba - Central,Detached dwelling: median sale price ($),,
Toowoomba (Central),House sales (number),Housing,SA2,Toowoomba - Central,Detached dwelling: number of sales (Number),,
Toowoomba (Central),Population - district,Population,SA2,Toowoomba - Central,Population (ERP),,
Toowoomba (Central),Rent (3-bedroom house; median),Housing,SA2,Toowoomba - Central,House - 3 bedrooms - median rent of lodgements ($/week),,
Toowoomba (Central),Residential building approvals,Housing,SA2,Toowoomba - East,Building Approvals: Residential dwelling units (Private) New Houses (Number),,"CHECK: reproduces the 2025 export, which took this from the Toowoomba - East SA2 block, not Toowoomba - Central"
Toowoomba (Central),Unemployment rate,Employment,SA2,,Toowoomba - Central,,
Toowoomba (Harlaxton),House sale price (median),Housing,SA2,North Toowoomba - Harlaxton,Detached dwelling: median sale price ($),,
Toowoomba (Harlaxton),House sales (number),Housing,SA2,North Toowoomba - Harlaxton,Detached dwelling: number of sales (Number),,
Toowoomba (Harlaxton),Population - district,Population,SA2,North Toowoomba - Harlaxton,Population (ERP),,
Toowoomba (Harlaxton),Rent (3-bedroom house; median),Housing,SA2,North Toowoomba - Harlaxton,House - 3 bedrooms - median rent of lodgements ($/week),,
Toowoomba (Harlaxton),Residential building approvals,Housing,SA2,North Toowoomba - Harlaxton,Building Approvals: Residential dwelling units (Private) New Houses (Number),,
Toowoomba (Harlaxton),Unemployment rate,Employment,SA2,,North Toowoomba - Harlaxton,,
Toowoomba (West),House sale price (median),Housing,SA2,Toowoomba - West,Detached dwelling: median sale price ($),,
Toowoomba (West),House sales (number),Housing,SA2,Toowoomba - West,Detached dwelling: number of sales (Number),,
Toowoomba (West),Population - district,Population,SA2,Toowoomba - West,Population (ERP),,
Toowoomba (West),Rent (3-bedroom house; median),Housing,SA2,Toowoomba - West,House - 3 bedrooms - median rent of lodgements ($/week),,
Toowoomba (West),Residential building approvals,Housing,SA2,Toowoomba - West,Building Approvals: Residential dwelling units (Private) New Houses (Number),,
Toowoomba (West),Unemployment rate,Employment,SA2,,Toowoomba - West,,
Wallumbilla,Business - personal income amount from NPP,Income,,Wallumbilla,Individual ABN NPP Total Income $,,
Wallumbilla,Business - personal income amount from PP,Income,,Wallumbilla,Individual ABN PP Total Income $,,
Wallumbilla,Business - personal income number from NPP,Income,,Wallumbilla,Individual ABN NPP Total Income no.,,
Wallumbilla,Business - personal income number from PP,Income,,Wallumbilla,Individual ABN PP Total Income no.,,
Wallumbilla,Crime rate - all offences,Crime,,Wallumbilla,"Total offences (person, property, other)",,
Wallumbilla,Drug offences,Crime,,Wallumbilla,Drug Offences,,
Wallumbilla,Environment - total rainfall,Exogenous,Rainfall,Wallumbilla,@next,,
Wallumbilla,Good order offences,Crime,,Wallumbilla,Good Order Offences,,
Wallumbilla,House sale price (median),Housing,SA2,Roma Surrounds,Detached dwelling: median sale price ($),,
Wallumbilla,House sales (number),Housing,SA2,Roma Surrounds,Detached dwelling: number of sales (Number),,
Wallumbilla,Income - for taxable individuals,Income,,Wallumbilla,Average Taxable Income or Loss (taxable individuals),,
Wallumbilla,"Income - taxable, incl. lowneg. incomes (ATO ave.)",Income,,Wallumbilla,Average Taxable Income or Loss (all individuals),,
Wallumbilla,Non-resident workers in local govt area,Population,LGA,Maranoa,Non-resident workers on-shift,,
Wallumbilla,Non-resident workers in town,Population,UCL,Wallumbilla,Non-resident workers on-shift,,
Wallumbilla,Number of earners,Income,,Wallumbilla,No. wage and salary earners,,
Wallumbilla,Population - district,Population,SA2,Roma Surrounds,Population (ERP),,
Wallumbilla,Population - LGA,Population,LGA,Maranoa,Population (ERP),,
Wallumbilla,Population - town,Population,UCL,Wallumbilla,Estimated resident population (a) by urban centre and locality,,
Wallumbilla,Rent (3-bedroom house; median),Housing,SA2,Roma Surrounds,House - 3 bedrooms - median rent of lodgements ($/week),,
Wallumbilla,Residential building approvals,Housing,SA2,Roma Surrounds,Building Approvals: Residential dwelling units (Private) New Houses (Number),,
Wallumbilla,Student FTE enrolments,Exogenous,Education,Wallumbilla,Full Time Equivalent Enrolments,,
Wallumbilla,Theft,Crime,,Wallumbilla,Other Theft (excl. Unlawful Entry),,
Wallumbilla,Traffic offences,Crime,,Wallumbilla,Traffic and Related Offences,,
Wallumbilla,Unemployment rate,Employment,SA2,,Roma Surrounds,,
Wallumbilla,Wage & salary earnings (town total),Income,,Wallumbilla,Total wage and salary earnings,,
Wandoan,Business - personal income amount from NPP,Income,,Wandoan,Individual ABN NPP Total Income $,,
Wandoan,Business - personal income amount from PP,Income,,Wandoan,Individual ABN PP Total Income $,,
Wandoan,Business - personal income number from NPP,Income,,Wandoan,Individual ABN NPP Total Income no.,,
Wandoan,Business - personal income number from PP,Income,,Wandoan,Individual ABN PP Total Income no.,,
Wandoan,Crime rate - all offences,Crime,,Wandoan,"Total offences (person, property, other)",,
Wandoan,Drug offences,Crime,,Wandoan,Drug Offences,,
Wandoan,Environment - total rainfall,Exogenous,Rainfall,Wandoan,@next,,
Wandoan,Good order offences,Crime,,Wandoan,Good Order Offences,,
Wandoan,House sale price (median),Housing,SA2,Miles-Wandoan,Detached dwelling: median sale price ($),,
Wandoan,House sales (number),Housing,SA2,Miles-Wandoan,Detached dwelling: number of sales (Number),,
Wandoan,Income - for taxable individuals,Income,,Wandoan,Average Taxable Income or Loss (taxable individuals),,
Wandoan,"Income - taxable, incl. lowneg. incomes (ATO ave.)",Income,,Wandoan,Average Taxable Income or Loss (all individuals),,
Wandoan,Non-resident workers in local govt area,Population,LGA,Western Downs,Non-resident workers on-shift,,
Wandoan,Non-resident workers in town,Population,UCL,Wandoan,Non-resident workers on-shift,,
Wandoan,Number of earners,Income,,Wandoan,No. wage and salary earners,,
Wandoan,Population - district,Population,SA2,Miles-Wandoan,Population (ERP),,
Wandoan,Population - LGA,Population,LGA,Western Downs,Population (ERP),,
Wandoan,Population - town,Population,UCL,Wandoan,Estimated resident population (a) by urban centre and locality,,
Wandoan,Rent (3-bedroom house; median),Housing,SA2,Miles-Wandoan,House - 3 bedrooms - median rent of lodgements ($/week),,
Wandoan,Residential building approvals,Housing,SA2,Miles-Wandoan,Building Approvals: Residential dwelling units (Private) New Houses (Number),,
Wandoan,Student FTE enrolments,Exogenous,Education,Wandoan,Full Time Equivalent Enrolments,,
Wandoan,Theft,Crime,,Wandoan,Other Theft (excl. Unlawful Entry),,
Wandoan,Traffic offences,Crime,,Wandoan,Traffic and Related Offences,,
Wandoan,Unemployment rate,Employment,SA2,,Miles-Wandoan,,
Wandoan,Wage & salary earnings (town total),Income,,Wandoan,Total wage and salary earnings,,